,CPU,memory,storage,GPU,DPDK
2023-05-05 12:25:13.083297+03:00,626.0,3500.0,22688.0,21,92.0
2023-05-05 13:25:13.083297+03:00,632.0,3524.0,22880.0,27,92.0
2023-05-05 14:25:13.083297+03:00,1117.0,6460.0,41056.0,41,158.0
2023-05-05 15:25:13.083297+03:00,1587.0,9336.0,58752.0,50,222.0
2023-05-05 16:25:13.083297+03:00,1912.0,11632.0,71808.0,51,267.0
2023-05-05 17:25:13.083297+03:00,2066.0,12248.0,76736.0,55,286.0
2023-05-05 18:25:13.083297+03:00,2452.0,14488.0,90944.0,60,340.0
2023-05-05 19:25:13.083297+03:00,2852.0,17408.0,107264.0,65,388.0
2023-05-05 20:25:13.083297+03:00,3192.0,20004.0,121440.0,70,420.0
2023-05-05 21:25:13.083297+03:00,3149.0,18512.0,116544.0,76,429.0
2023-05-05 22:25:13.083297+03:00,3581.0,22124.0,135392.0,79,475.0
2023-05-05 23:25:13.083297+03:00,3783.0,24216.0,145280.0,82,483.0
2023-05-06 00:25:13.083297+03:00,3977.0,25928.0,153984.0,90,489.0
2023-05-06 01:25:13.083297+03:00,3806.0,24224.0,145792.0,86,481.0
2023-05-06 02:25:13.083297+03:00,3516.0,21432.0,132160.0,79,467.0
2023-05-06 03:25:13.083297+03:00,3228.0,20016.0,122240.0,75,427.0
2023-05-06 04:25:13.083297+03:00,2936.0,17720.0,109888.0,78,384.0
2023-05-06 05:25:13.083297+03:00,2618.0,15956.0,98400.0,71,354.0
2023-05-06 06:25:13.083297+03:00,2613.0,15684.0,97568.0,72,360.0
2023-05-06 07:25:13.083297+03:00,2114.0,11840.0,76672.0,66,305.0
2023-05-06 08:25:13.083297+03:00,1669.0,9208.0,60160.0,58,241.0
2023-05-06 09:25:13.083297+03:00,1074.0,6240.0,39552.0,34,156.0
2023-05-06 10:25:13.083297+03:00,602.0,3344.0,21760.0,25,77.0
2023-05-06 11:25:13.083297+03:00,586.0,3172.0,20960.0,20,93.0
2023-05-06 12:25:13.083297+03:00,571.0,2980.0,20128.0,19,84.0
2023-05-06 13:25:13.083297+03:00,651.0,3852.0,24160.0,24,92.0
2023-05-06 14:25:13.083297+03:00,1194.0,6648.0,43200.0,45,174.0
2023-05-06 15:25:13.083297+03:00,1736.0,9932.0,63520.0,58,245.0
2023-05-06 16:25:13.083297+03:00,2155.0,13516.0,82016.0,67,283.0
2023-05-06 17:25:13.083297+03:00,2149.0,12520.0,79232.0,67,301.0
2023-05-06 18:25:13.083297+03:00,2647.0,16264.0,99840.0,72,356.0
2023-05-06 19:25:13.083297+03:00,2920.0,17476.0,108896.0,76,395.0
2023-05-06 20:25:13.083297+03:00,3339.0,20328.0,125440.0,82,451.0
2023-05-06 21:25:13.083297+03:00,3474.0,21564.0,131616.0,86,455.0
2023-05-06 22:25:13.083297+03:00,3641.0,22532.0,137760.0,85,483.0
2023-05-06 23:25:13.083297+03:00,3893.0,25136.0,150080.0,94,484.0
2023-05-07 00:25:13.083297+03:00,3908.0,24536.0,148800.0,98,494.0
2023-05-07 01:25:13.083297+03:00,3837.0,24132.0,146208.0,93,490.0
2023-05-07 02:25:13.083297+03:00,3615.0,22428.0,136928.0,89,472.0
2023-05-07 03:25:13.083297+03:00,3392.0,19940.0,125536.0,86,464.0
2023-05-07 04:25:13.083297+03:00,3059.0,18212.0,113824.0,76,431.0
2023-05-07 05:25:13.083297+03:00,2710.0,15820.0,100000.0,78,378.0
2023-05-07 06:25:13.083297+03:00,2604.0,15924.0,98016.0,77,357.0
2023-05-07 07:25:13.083297+03:00,2316.0,14148.0,87136.0,79,304.0
2023-05-07 08:25:13.083297+03:00,1663.0,9136.0,59840.0,63,242.0
2023-05-07 09:25:13.083297+03:00,1220.0,6908.0,44448.0,45,178.0
2023-05-07 10:25:13.083297+03:00,677.0,3440.0,23616.0,29,102.0
2023-05-07 11:25:13.083297+03:00,604.0,3412.0,21984.0,24,85.0
2023-05-07 12:25:13.083297+03:00,569.0,3320.0,20992.0,21,79.0
2023-05-07 13:25:13.083297+03:00,560.0,3236.0,20576.0,21,80.0
2023-05-07 14:25:13.083297+03:00,1202.0,7184.0,44800.0,50,164.0
2023-05-07 15:25:13.083297+03:00,1672.0,10012.0,62368.0,56,231.0
2023-05-07 16:25:13.083297+03:00,2102.0,12836.0,79072.0,61,280.0
2023-05-07 17:25:13.083297+03:00,2071.0,12088.0,76416.0,62,292.0
2023-05-07 18:25:13.083297+03:00,2471.0,14864.0,92352.0,67,337.0
2023-05-07 19:25:13.083297+03:00,2982.0,18108.0,111904.0,72,402.0
2023-05-07 20:25:13.083297+03:00,3358.0,20500.0,126304.0,77,451.0
2023-05-07 21:25:13.083297+03:00,3253.0,19684.0,121888.0,77,439.0
2023-05-07 22:25:13.083297+03:00,3621.0,22452.0,137120.0,82,477.0
2023-05-07 23:25:13.083297+03:00,3786.0,23928.0,144576.0,87,484.0
2023-05-08 00:25:13.083297+03:00,3973.0,25852.0,153696.0,92,490.0
2023-05-08 01:25:13.083297+03:00,3789.0,23436.0,143328.0,90,488.0
2023-05-08 02:25:13.083297+03:00,3635.0,22508.0,137568.0,84,477.0
2023-05-08 03:25:13.083297+03:00,3399.0,20496.0,127168.0,80,461.0
2023-05-08 04:25:13.083297+03:00,2927.0,17684.0,109600.0,79,397.0
2023-05-08 05:25:13.083297+03:00,2678.0,15236.0,97760.0,85,367.0
2023-05-08 06:25:13.083297+03:00,2588.0,15332.0,96096.0,81,350.0
2023-05-08 07:25:13.083297+03:00,2220.0,13320.0,82880.0,70,296.0
2023-05-08 08:25:13.083297+03:00,1824.0,10548.0,67040.0,61,255.0
2023-05-08 09:25:13.083297+03:00,1070.0,5816.0,38336.0,39,156.0
2023-05-08 10:25:13.083297+03:00,617.0,3464.0,22400.0,21,91.0
2023-05-08 11:25:13.083297+03:00,613.0,3184.0,21568.0,25,91.0
2023-05-08 12:25:13.083297+03:00,580.0,3580.0,21920.0,21,77.0
2023-05-08 13:25:13.083297+03:00,572.0,3068.0,20384.0,20,84.0
2023-05-08 14:25:13.083297+03:00,1167.0,6660.0,42656.0,48,167.0
2023-05-08 15:25:13.083297+03:00,1666.0,9472.0,60800.0,55,235.0
2023-05-08 16:25:13.083297+03:00,2133.0,12516.0,78880.0,64,293.0
2023-05-08 17:25:13.083297+03:00,2060.0,12020.0,76000.0,65,283.0
2023-05-08 18:25:13.083297+03:00,2411.0,14624.0,90432.0,68,327.0
2023-05-08 19:25:13.083297+03:00,2870.0,16760.0,105920.0,72,396.0
2023-05-08 20:25:13.083297+03:00,3358.0,21028.0,127712.0,76,447.0
2023-05-08 21:25:13.083297+03:00,3335.0,20312.0,125312.0,75,452.0
2023-05-08 22:25:13.083297+03:00,3714.0,22824.0,140096.0,90,485.0
2023-05-08 23:25:13.083297+03:00,3737.0,22832.0,140608.0,86,491.0
2023-05-09 00:25:13.083297+03:00,4039.0,26164.0,155936.0,92,501.0
2023-05-09 01:25:13.083297+03:00,3873.0,24156.0,147040.0,89,497.0
2023-05-09 02:25:13.083297+03:00,3651.0,22176.0,137024.0,85,484.0
2023-05-09 03:25:13.083297+03:00,3393.0,20544.0,127168.0,80,459.0
2023-05-09 04:25:13.083297+03:00,2949.0,17592.0,109824.0,77,402.0
2023-05-09 05:25:13.083297+03:00,2686.0,16276.0,100704.0,74,363.0
2023-05-09 06:25:13.083297+03:00,2514.0,14904.0,93376.0,73,340.0
2023-05-09 07:25:13.083297+03:00,2262.0,13032.0,83008.0,78,310.0
2023-05-09 08:25:13.083297+03:00,1852.0,10216.0,66752.0,63,273.0
2023-05-09 09:25:13.083297+03:00,1168.0,6688.0,42752.0,43,172.0
2023-05-09 10:25:13.083297+03:00,607.0,3664.0,22720.0,27,84.0
2023-05-09 11:25:13.083297+03:00,589.0,3352.0,21504.0,20,82.0
2023-05-09 12:25:13.083297+03:00,608.0,3416.0,22080.0,19,87.0
2023-05-09 13:25:13.083297+03:00,556.0,2956.0,19744.0,20,83.0
2023-05-09 14:25:13.083297+03:00,1070.0,5744.0,38144.0,39,162.0
2023-05-09 15:25:13.083297+03:00,1608.0,10320.0,61824.0,48,218.0
2023-05-09 16:25:13.083297+03:00,2087.0,12512.0,77888.0,59,282.0
2023-05-09 17:25:13.083297+03:00,2206.0,14020.0,84448.0,57,294.0
2023-05-09 18:25:13.083297+03:00,2399.0,14396.0,89568.0,62,325.0
2023-05-09 19:25:13.083297+03:00,2744.0,16952.0,103744.0,63,371.0
2023-05-09 20:25:13.083297+03:00,3336.0,20316.0,125344.0,72,450.0
2023-05-09 21:25:13.083297+03:00,3231.0,19896.0,121984.0,72,432.0
2023-05-09 22:25:13.083297+03:00,3548.0,22160.0,134784.0,77,463.0
2023-05-09 23:25:13.083297+03:00,3724.0,23464.0,142016.0,84,472.0
2023-05-10 00:25:13.083297+03:00,3825.0,24468.0,146848.0,85,480.0
2023-05-10 01:25:13.083297+03:00,3833.0,25100.0,148704.0,83,474.0
2023-05-10 02:25:13.083297+03:00,3538.0,22120.0,134464.0,79,464.0
2023-05-10 03:25:13.083297+03:00,3312.0,19716.0,123232.0,74,453.0
2023-05-10 04:25:13.083297+03:00,3011.0,19040.0,115008.0,68,403.0
2023-05-10 05:25:13.083297+03:00,2396.0,13664.0,87552.0,72,332.0
2023-05-10 06:25:13.083297+03:00,2673.0,15276.0,97760.0,72,381.0
2023-05-10 07:25:13.083297+03:00,2225.0,12752.0,81472.0,74,310.0
2023-05-10 08:25:13.083297+03:00,1704.0,9540.0,61792.0,65,247.0
2023-05-10 09:25:13.083297+03:00,1267.0,7060.0,45856.0,46,177.0
2023-05-10 10:25:13.083297+03:00,531.0,3024.0,19392.0,21,75.0
2023-05-10 11:25:13.083297+03:00,565.0,3064.0,20224.0,19,85.0
2023-05-10 12:25:13.083297+03:00,609.0,3636.0,22688.0,18,83.0
2023-05-10 13:25:13.083297+03:00,642.0,4164.0,24800.0,24,87.0
2023-05-10 14:25:13.083297+03:00,1131.0,6516.0,41504.0,38,166.0
2023-05-10 15:25:13.083297+03:00,1549.0,9184.0,57536.0,55,215.0
2023-05-10 16:25:13.083297+03:00,1986.0,11628.0,73376.0,61,279.0
2023-05-10 17:25:13.083297+03:00,2048.0,12152.0,76096.0,63,284.0
2023-05-10 18:25:13.083297+03:00,2310.0,14196.0,87136.0,62,317.0
2023-05-10 19:25:13.083297+03:00,2842.0,17344.0,106880.0,73,385.0
2023-05-10 20:25:13.083297+03:00,3195.0,19356.0,119776.0,79,435.0
2023-05-10 21:25:13.083297+03:00,3341.0,19832.0,124160.0,82,459.0
2023-05-10 22:25:13.083297+03:00,3570.0,21900.0,134560.0,86,478.0
2023-05-10 23:25:13.083297+03:00,3820.0,24364.0,146464.0,91,487.0
2023-05-11 00:25:13.083297+03:00,3980.0,25928.0,154048.0,95,493.0
2023-05-11 01:25:13.083297+03:00,3839.0,24752.0,147904.0,91,486.0
2023-05-11 02:25:13.083297+03:00,3500.0,21632.0,132352.0,82,471.0
2023-05-11 03:25:13.083297+03:00,3362.0,20588.0,126624.0,81,449.0
2023-05-11 04:25:13.083297+03:00,2964.0,17832.0,110784.0,78,404.0
2023-05-11 05:25:13.083297+03:00,2608.0,15412.0,96736.0,74,364.0
2023-05-11 06:25:13.083297+03:00,2518.0,15028.0,93792.0,74,345.0
2023-05-11 07:25:13.083297+03:00,2261.0,13820.0,85088.0,70,309.0
2023-05-11 08:25:13.083297+03:00,1732.0,9916.0,63392.0,63,244.0
2023-05-11 09:25:13.083297+03:00,1144.0,6568.0,41920.0,37,164.0
2023-05-11 10:25:13.083297+03:00,635.0,3536.0,22976.0,30,87.0
2023-05-11 11:25:13.083297+03:00,517.0,3064.0,19200.0,17,72.0
2023-05-11 12:25:13.083297+03:00,648.0,3420.0,22944.0,28,89.0
2023-05-11 13:25:13.083297+03:00,732.0,3984.0,26240.0,23,119.0
2023-05-11 14:25:13.083297+03:00,1011.0,5652.0,36640.0,34,141.0
2023-05-11 15:25:13.083297+03:00,1578.0,8664.0,56768.0,56,224.0
2023-05-11 16:25:13.083297+03:00,2088.0,12672.0,78336.0,56,291.0
2023-05-11 17:25:13.083297+03:00,2174.0,12680.0,80192.0,64,299.0
2023-05-11 18:25:13.083297+03:00,2541.0,15144.0,94592.0,75,336.0
2023-05-11 19:25:13.083297+03:00,2838.0,16392.0,104256.0,70,402.0
2023-05-11 20:25:13.083297+03:00,3272.0,20048.0,123264.0,79,435.0
2023-05-11 21:25:13.083297+03:00,3289.0,20128.0,123840.0,75,444.0
2023-05-11 22:25:13.083297+03:00,3524.0,21860.0,133472.0,80,468.0
2023-05-11 23:25:13.083297+03:00,3746.0,23084.0,141472.0,85,488.0
2023-05-12 00:25:13.083297+03:00,3965.0,25124.0,151584.0,96,491.0
2023-05-12 01:25:13.083297+03:00,3778.0,24076.0,144800.0,85,483.0
2023-05-12 02:25:13.083297+03:00,3585.0,22320.0,136000.0,80,474.0
2023-05-12 03:25:13.083297+03:00,3239.0,19928.0,122240.0,73,439.0
2023-05-12 04:25:13.083297+03:00,3040.0,18460.0,114080.0,73,424.0
2023-05-12 05:25:13.083297+03:00,2588.0,15452.0,96416.0,72,360.0
2023-05-12 06:25:13.083297+03:00,2585.0,15320.0,96000.0,70,375.0
2023-05-12 07:25:13.083297+03:00,2345.0,13364.0,85664.0,79,323.0
2023-05-12 08:25:13.083297+03:00,1644.0,9300.0,59872.0,60,232.0
2023-05-12 09:25:13.083297+03:00,1285.0,7132.0,46432.0,48,180.0
2023-05-12 10:25:13.083297+03:00,544.0,3172.0,20064.0,19,78.0
2023-05-12 11:25:13.083297+03:00,630.0,3864.0,23744.0,18,88.0
2023-05-12 12:25:13.083297+03:00,613.0,3448.0,22272.0,25,86.0
2023-05-12 13:25:13.083297+03:00,750.0,4896.0,29056.0,28,89.0
2023-05-12 14:25:13.083297+03:00,1280.0,7196.0,46496.0,45,189.0
2023-05-12 15:25:13.083297+03:00,1584.0,9324.0,58656.0,50,219.0
2023-05-12 16:25:13.083297+03:00,2054.0,12200.0,76352.0,57,283.0
2023-05-12 17:25:13.083297+03:00,2015.0,12056.0,75136.0,58,277.0
2023-05-12 18:25:13.083297+03:00,2506.0,14872.0,93120.0,64,348.0
2023-05-12 19:25:13.083297+03:00,3003.0,18228.0,112672.0,69,406.0
2023-05-12 20:25:13.083297+03:00,3288.0,20124.0,123808.0,76,445.0
2023-05-12 21:25:13.083297+03:00,3336.0,20616.0,126144.0,74,444.0
2023-05-12 22:25:13.083297+03:00,3557.0,22076.0,134752.0,79,468.0
2023-05-12 23:25:13.083297+03:00,3781.0,24088.0,144896.0,86,481.0
2023-05-13 00:25:13.083297+03:00,4022.0,26012.0,155168.0,95,490.0
2023-05-13 01:25:13.083297+03:00,3803.0,24176.0,145600.0,84,486.0
2023-05-13 02:25:13.083297+03:00,3594.0,23136.0,138368.0,79,467.0
2023-05-13 03:25:13.083297+03:00,3273.0,20184.0,123648.0,70,448.0
2023-05-13 04:25:13.083297+03:00,2959.0,17812.0,110624.0,74,402.0
2023-05-13 05:25:13.083297+03:00,2535.0,15120.0,94400.0,73,346.0
2023-05-13 06:25:13.083297+03:00,2485.0,14656.0,92096.0,77,337.0
2023-05-13 07:25:13.083297+03:00,2219.0,13268.0,82720.0,74,297.0
2023-05-13 08:25:13.083297+03:00,1659.0,9624.0,61056.0,61,230.0
2023-05-13 09:25:13.083297+03:00,1097.0,5732.0,38688.0,42,159.0
2023-05-13 10:25:13.083297+03:00,789.0,4320.0,28352.0,26,123.0
2023-05-13 11:25:13.083297+03:00,729.0,4512.0,27584.0,27,96.0
2023-05-13 12:25:13.083297+03:00,640.0,3448.0,22848.0,27,96.0
2023-05-13 13:25:13.083297+03:00,644.0,4100.0,24672.0,22,84.0
2023-05-13 14:25:13.083297+03:00,1305.0,7944.0,49024.0,46,187.0
2023-05-13 15:25:13.083297+03:00,1652.0,9320.0,60096.0,58,235.0
2023-05-13 16:25:13.083297+03:00,2132.0,12512.0,78848.0,63,295.0
2023-05-13 17:25:13.083297+03:00,2057.0,12212.0,76448.0,62,282.0
2023-05-13 18:25:13.083297+03:00,2525.0,14480.0,92480.0,75,344.0
2023-05-13 19:25:13.083297+03:00,2987.0,17924.0,111520.0,74,411.0
2023-05-13 20:25:13.083297+03:00,3254.0,20012.0,122784.0,79,435.0
2023-05-13 21:25:13.083297+03:00,3268.0,20044.0,123168.0,78,440.0
2023-05-13 22:25:13.083297+03:00,3606.0,22392.0,136640.0,85,476.0
2023-05-13 23:25:13.083297+03:00,3751.0,23500.0,142688.0,87,491.0
2023-05-14 00:25:13.083297+03:00,3998.0,25952.0,154496.0,95,497.0
2023-05-14 01:25:13.083297+03:00,3887.0,24536.0,148352.0,91,496.0
2023-05-14 02:25:13.083297+03:00,3578.0,21488.0,133632.0,86,483.0
2023-05-14 03:25:13.083297+03:00,3414.0,20592.0,127744.0,86,459.0
2023-05-14 04:25:13.083297+03:00,2900.0,17636.0,108896.0,75,398.0
2023-05-14 05:25:13.083297+03:00,2576.0,15284.0,95712.0,72,363.0
2023-05-14 06:25:13.083297+03:00,2679.0,15696.0,99008.0,78,373.0
2023-05-14 07:25:13.083297+03:00,2224.0,12580.0,80992.0,67,318.0
2023-05-14 08:25:13.083297+03:00,1795.0,11008.0,67648.0,62,244.0
2023-05-14 09:25:13.083297+03:00,1149.0,6588.0,42080.0,42,166.0
2023-05-14 10:25:13.083297+03:00,886.0,5332.0,33120.0,34,125.0
2023-05-14 11:25:13.083297+03:00,617.0,3464.0,22400.0,23,89.0
2023-05-14 12:25:13.083297+03:00,727.0,4408.0,27264.0,37,105.0
2023-05-14 13:25:13.083297+03:00,625.0,3172.0,21792.0,21,90.0
2023-05-14 14:25:13.083297+03:00,1272.0,7080.0,46016.0,42,183.0
2023-05-14 15:25:13.083297+03:00,1626.0,9612.0,60320.0,58,230.0
2023-05-14 16:25:13.083297+03:00,2040.0,11244.0,73504.0,61,293.0
2023-05-14 17:25:13.083297+03:00,2150.0,12284.0,78624.0,63,304.0
2023-05-14 18:25:13.083297+03:00,2573.0,15440.0,96064.0,69,349.0
2023-05-14 19:25:13.083297+03:00,2803.0,17320.0,105984.0,74,364.0
2023-05-14 20:25:13.083297+03:00,3335.0,20096.0,124736.0,79,451.0
2023-05-14 21:25:13.083297+03:00,3341.0,20336.0,125504.0,81,449.0
2023-05-14 22:25:13.083297+03:00,3662.0,22904.0,139200.0,86,473.0
2023-05-14 23:25:13.083297+03:00,3845.0,24572.0,147552.0,91,481.0
2023-05-15 00:25:13.083297+03:00,3970.0,25840.0,153600.0,96,487.0
2023-05-15 01:25:13.083297+03:00,4003.0,26608.0,156352.0,95,483.0
2023-05-15 02:25:13.083297+03:00,3625.0,22204.0,136544.0,86,476.0
2023-05-15 03:25:13.083297+03:00,3445.0,21016.0,129536.0,86,454.0
2023-05-15 04:25:13.083297+03:00,2957.0,17804.0,110560.0,75,400.0
2023-05-15 05:25:13.083297+03:00,2635.0,15580.0,97760.0,74,366.0
2023-05-15 06:25:13.083297+03:00,2733.0,16704.0,102848.0,85,346.0
2023-05-15 07:25:13.083297+03:00,2138.0,13040.0,80384.0,67,286.0
2023-05-15 08:25:13.083297+03:00,1572.0,9276.0,58272.0,54,216.0
2023-05-15 09:25:13.083297+03:00,1198.0,6784.0,43648.0,45,170.0
2023-05-15 10:25:13.083297+03:00,652.0,3604.0,23520.0,25,100.0
2023-05-15 11:25:13.083297+03:00,590.0,3320.0,21440.0,15,89.0
2023-05-15 12:25:13.083297+03:00,603.0,3864.0,23168.0,19,79.0
2023-05-15 13:25:13.083297+03:00,523.0,3268.0,19872.0,16,67.0
2023-05-15 14:25:13.083297+03:00,1100.0,5672.0,38592.0,40,170.0
2023-05-15 15:25:13.083297+03:00,1686.0,9912.0,62400.0,60,234.0
2023-05-15 16:25:13.083297+03:00,2196.0,12288.0,79616.0,71,307.0
2023-05-15 17:25:13.083297+03:00,2133.0,12552.0,78976.0,66,296.0
2023-05-15 18:25:13.083297+03:00,2568.0,15780.0,96864.0,71,343.0
2023-05-15 19:25:13.083297+03:00,2929.0,17692.0,109664.0,77,392.0
2023-05-15 20:25:13.083297+03:00,3271.0,20320.0,123968.0,82,435.0
2023-05-15 21:25:13.083297+03:00,3388.0,21028.0,128352.0,82,456.0
2023-05-15 22:25:13.083297+03:00,3578.0,22280.0,135744.0,87,468.0
2023-05-15 23:25:13.083297+03:00,3866.0,24452.0,147680.0,98,486.0
2023-05-16 00:25:13.083297+03:00,3915.0,25176.0,150656.0,93,493.0
2023-05-16 01:25:13.083297+03:00,3750.0,23700.0,143200.0,92,482.0
2023-05-16 02:25:13.083297+03:00,3761.0,23912.0,144000.0,90,483.0
2023-05-16 03:25:13.083297+03:00,3583.0,22996.0,137760.0,87,463.0
2023-05-16 04:25:13.083297+03:00,2940.0,16980.0,108000.0,82,409.0
2023-05-16 05:25:13.083297+03:00,2805.0,16800.0,104640.0,78,386.0
2023-05-16 06:25:13.083297+03:00,2610.0,15288.0,96448.0,81,357.0
2023-05-16 07:25:13.083297+03:00,2157.0,12612.0,79648.0,69,311.0
2023-05-16 08:25:13.083297+03:00,1632.0,8616.0,57792.0,61,242.0
2023-05-16 09:25:13.083297+03:00,1236.0,6936.0,44864.0,48,175.0
2023-05-16 10:25:13.083297+03:00,772.0,4348.0,28064.0,21,116.0
2023-05-16 11:25:13.083297+03:00,659.0,3632.0,23744.0,25,93.0
2023-05-16 12:25:13.083297+03:00,624.0,3324.0,22176.0,23,88.0
2023-05-16 13:25:13.083297+03:00,599.0,3392.0,21824.0,19,89.0
2023-05-16 14:25:13.083297+03:00,1208.0,6824.0,43968.0,41,179.0
2023-05-16 15:25:13.083297+03:00,1550.0,9248.0,57728.0,56,209.0
2023-05-16 16:25:13.083297+03:00,2047.0,11908.0,75424.0,61,289.0
2023-05-16 17:25:13.083297+03:00,2033.0,12380.0,76384.0,61,283.0
2023-05-16 18:25:13.083297+03:00,2603.0,15392.0,96576.0,72,361.0
2023-05-16 19:25:13.083297+03:00,3026.0,19448.0,116416.0,77,396.0
2023-05-16 20:25:13.083297+03:00,3264.0,20028.0,123040.0,76,443.0
2023-05-16 21:25:13.083297+03:00,3364.0,20512.0,126464.0,84,453.0
2023-05-16 22:25:13.083297+03:00,3563.0,21728.0,133952.0,89,470.0
2023-05-16 23:25:13.083297+03:00,3783.0,24060.0,144864.0,94,478.0
2023-05-17 00:25:13.083297+03:00,3972.0,25848.0,153664.0,105,479.0
2023-05-17 01:25:13.083297+03:00,3740.0,23324.0,141984.0,97,475.0
2023-05-17 02:25:13.083297+03:00,3604.0,22384.0,136576.0,89,470.0
2023-05-17 03:25:13.083297+03:00,3405.0,20616.0,127616.0,88,454.0
2023-05-17 04:25:13.083297+03:00,3013.0,17632.0,111296.0,83,417.0
2023-05-17 05:25:13.083297+03:00,2601.0,15120.0,95808.0,84,356.0
2023-05-17 06:25:13.083297+03:00,2642.0,15812.0,98528.0,82,357.0
2023-05-17 07:25:13.083297+03:00,2089.0,12340.0,77472.0,67,306.0
2023-05-17 08:25:13.083297+03:00,1751.0,9968.0,63936.0,61,248.0
2023-05-17 09:25:13.083297+03:00,1139.0,6380.0,41312.0,38,150.0
2023-05-17 10:25:13.083297+03:00,518.0,2948.0,18912.0,15,76.0
2023-05-17 11:25:13.083297+03:00,676.0,3532.0,23840.0,23,106.0
2023-05-17 12:25:13.083297+03:00,628.0,3112.0,21696.0,27,98.0
2023-05-17 13:25:13.083297+03:00,551.0,3068.0,19936.0,20,78.0
2023-05-17 14:25:13.083297+03:00,1185.0,6696.0,43136.0,40,156.0
2023-05-17 15:25:13.083297+03:00,1707.0,10044.0,63200.0,47,237.0
2023-05-17 16:25:13.083297+03:00,2038.0,12136.0,75840.0,52,277.0
2023-05-17 17:25:13.083297+03:00,1948.0,11776.0,72960.0,46,270.0
2023-05-17 18:25:13.083297+03:00,2371.0,14668.0,89696.0,57,317.0
2023-05-17 19:25:13.083297+03:00,2819.0,17420.0,106592.0,62,380.0
2023-05-17 20:25:13.083297+03:00,3219.0,19932.0,121824.0,64,437.0
2023-05-17 21:25:13.083297+03:00,3189.0,19764.0,120736.0,67,426.0
2023-05-17 22:25:13.083297+03:00,3640.0,23032.0,139072.0,77,466.0
2023-05-17 23:25:13.083297+03:00,3741.0,23928.0,143616.0,78,476.0
2023-05-18 00:25:13.083297+03:00,3865.0,25132.0,149472.0,82,479.0
2023-05-18 01:25:13.083297+03:00,3665.0,23564.0,141024.0,77,470.0
2023-05-18 02:25:13.083297+03:00,3495.0,21552.0,132032.0,70,468.0
2023-05-18 03:25:13.083297+03:00,3239.0,19928.0,122240.0,75,426.0
2023-05-18 04:25:13.083297+03:00,2864.0,16664.0,105536.0,72,392.0
2023-05-18 05:25:13.083297+03:00,2504.0,14996.0,93408.0,75,327.0
2023-05-18 06:25:13.083297+03:00,2597.0,15248.0,96064.0,76,347.0
2023-05-18 07:25:13.083297+03:00,2260.0,14428.0,86688.0,64,293.0
2023-05-18 08:25:13.083297+03:00,1734.0,9756.0,63008.0,57,246.0
2023-05-18 09:25:13.083297+03:00,1110.0,6288.0,40448.0,39,160.0
2023-05-18 10:25:13.083297+03:00,613.0,3784.0,23168.0,19,87.0
2023-05-18 11:25:13.083297+03:00,581.0,3332.0,21280.0,18,82.0
2023-05-18 12:25:13.083297+03:00,569.0,2960.0,20032.0,21,86.0
2023-05-18 13:25:13.083297+03:00,607.0,3424.0,22080.0,21,90.0
2023-05-18 14:25:13.083297+03:00,1155.0,6480.0,41920.0,41,167.0
2023-05-18 15:25:13.083297+03:00,1699.0,9520.0,61632.0,62,238.0
2023-05-18 16:25:13.083297+03:00,2194.0,13072.0,81664.0,68,296.0
2023-05-18 17:25:13.083297+03:00,2184.0,12900.0,80992.0,71,287.0
2023-05-18 18:25:13.083297+03:00,2575.0,15280.0,95680.0,67,356.0
2023-05-18 19:25:13.083297+03:00,2987.0,17924.0,111520.0,72,409.0
2023-05-18 20:25:13.083297+03:00,3330.0,20460.0,125600.0,77,445.0
2023-05-18 21:25:13.083297+03:00,3368.0,20504.0,126528.0,77,458.0
2023-05-18 22:25:13.083297+03:00,3558.0,22212.0,135136.0,78,476.0
2023-05-18 23:25:13.083297+03:00,3773.0,24560.0,145984.0,81,485.0
2023-05-19 00:25:13.083297+03:00,3980.0,25880.0,153920.0,92,495.0
2023-05-19 01:25:13.083297+03:00,3736.0,23848.0,143296.0,83,482.0
2023-05-19 02:25:13.083297+03:00,3615.0,22428.0,136928.0,82,478.0
2023-05-19 03:25:13.083297+03:00,3392.0,20360.0,126656.0,80,456.0
2023-05-19 04:25:13.083297+03:00,2877.0,17508.0,108064.0,73,388.0
2023-05-19 05:25:13.083297+03:00,2621.0,15824.0,98112.0,66,372.0
2023-05-19 06:25:13.083297+03:00,2496.0,14964.0,93152.0,75,329.0
2023-05-19 07:25:13.083297+03:00,2140.0,12280.0,78400.0,70,300.0
2023-05-19 08:25:13.083297+03:00,1646.0,9344.0,60032.0,63,230.0
2023-05-19 09:25:13.083297+03:00,1173.0,6684.0,42848.0,43,173.0
2023-05-19 10:25:13.083297+03:00,653.0,3728.0,23872.0,21,95.0
2023-05-19 11:25:13.083297+03:00,550.0,3136.0,20096.0,17,79.0
2023-05-19 12:25:13.083297+03:00,621.0,3300.0,22048.0,22,94.0
2023-05-19 13:25:13.083297+03:00,595.0,3388.0,21728.0,19,86.0
2023-05-19 14:25:13.083297+03:00,1321.0,7012.0,46880.0,53,189.0
2023-05-19 15:25:13.083297+03:00,1602.0,9132.0,58528.0,52,230.0
2023-05-19 16:25:13.083297+03:00,2043.0,12660.0,77344.0,55,274.0
2023-05-19 17:25:13.083297+03:00,2059.0,12340.0,76832.0,58,279.0
2023-05-19 18:25:13.083297+03:00,2431.0,14536.0,90624.0,62,335.0
2023-05-19 19:25:13.083297+03:00,2868.0,17448.0,107712.0,73,380.0
2023-05-19 20:25:13.083297+03:00,3293.0,20480.0,124864.0,75,434.0
2023-05-19 21:25:13.083297+03:00,3371.0,21056.0,128064.0,75,445.0
2023-05-19 22:25:13.083297+03:00,3555.0,21288.0,132608.0,86,469.0
2023-05-19 23:25:13.083297+03:00,3855.0,25200.0,149440.0,85,481.0
2023-05-20 00:25:13.083297+03:00,3960.0,25800.0,153280.0,89,489.0
2023-05-20 01:25:13.083297+03:00,3776.0,24068.0,144736.0,87,481.0
2023-05-20 02:25:13.083297+03:00,3598.0,22360.0,136384.0,81,475.0
2023-05-20 03:25:13.083297+03:00,3293.0,20144.0,123968.0,78,444.0
2023-05-20 04:25:13.083297+03:00,2983.0,18472.0,112896.0,75,396.0
2023-05-20 05:25:13.083297+03:00,2489.0,14816.0,92608.0,70,352.0
2023-05-20 06:25:13.083297+03:00,2608.0,15148.0,96032.0,76,356.0
2023-05-20 07:25:13.083297+03:00,2209.0,12796.0,81248.0,78,294.0
2023-05-20 08:25:13.083297+03:00,1698.0,10116.0,63200.0,53,233.0
2023-05-20 09:25:13.083297+03:00,1236.0,7212.0,45600.0,50,164.0
2023-05-20 10:25:13.083297+03:00,665.0,3596.0,23776.0,30,87.0
2023-05-20 11:25:13.083297+03:00,709.0,3856.0,25408.0,20,108.0
2023-05-20 12:25:13.083297+03:00,636.0,3540.0,23008.0,21,90.0
2023-05-20 13:25:13.083297+03:00,702.0,3804.0,25120.0,36,94.0
2023-05-20 14:25:13.083297+03:00,1227.0,6900.0,44576.0,48,176.0
2023-05-20 15:25:13.083297+03:00,1661.0,9500.0,60768.0,53,241.0
2023-05-20 16:25:13.083297+03:00,2079.0,12276.0,77088.0,63,287.0
2023-05-20 17:25:13.083297+03:00,2047.0,12064.0,75840.0,68,281.0
2023-05-20 18:25:13.083297+03:00,2553.0,15252.0,95136.0,73,350.0
2023-05-20 19:25:13.083297+03:00,2935.0,17680.0,109760.0,73,413.0
2023-05-20 20:25:13.083297+03:00,3384.0,20508.0,126880.0,82,462.0
2023-05-20 21:25:13.083297+03:00,3428.0,20684.0,128288.0,87,465.0
2023-05-20 22:25:13.083297+03:00,3675.0,22668.0,138848.0,91,483.0
2023-05-20 23:25:13.083297+03:00,3932.0,25640.0,152256.0,97,489.0
2023-05-21 00:25:13.083297+03:00,4013.0,26192.0,155456.0,101,491.0
2023-05-21 01:25:13.083297+03:00,3795.0,23424.0,143424.0,96,490.0
2023-05-21 02:25:13.083297+03:00,3695.0,22844.0,139744.0,95,478.0
2023-05-21 03:25:13.083297+03:00,3394.0,20608.0,127360.0,84,462.0
2023-05-21 04:25:13.083297+03:00,2969.0,17780.0,110752.0,81,402.0
2023-05-21 05:25:13.083297+03:00,2604.0,15396.0,96608.0,78,361.0
2023-05-21 06:25:13.083297+03:00,2688.0,15780.0,99424.0,79,379.0
2023-05-21 07:25:13.083297+03:00,2051.0,11168.0,73536.0,70,295.0
2023-05-21 08:25:13.083297+03:00,1613.0,9440.0,59584.0,55,243.0
2023-05-21 09:25:13.083297+03:00,1249.0,6988.0,45280.0,45,193.0
2023-05-21 10:25:13.083297+03:00,540.0,2988.0,19488.0,20,79.0
2023-05-21 11:25:13.083297+03:00,604.0,3280.0,21632.0,20,90.0
2023-05-21 12:25:13.083297+03:00,632.0,3788.0,23584.0,22,89.0
2023-05-21 13:25:13.083297+03:00,662.0,3452.0,23328.0,29,88.0
2023-05-21 14:25:13.083297+03:00,1162.0,6640.0,42496.0,44,163.0
2023-05-21 15:25:13.083297+03:00,1572.0,9012.0,57568.0,55,220.0
2023-05-21 16:25:13.083297+03:00,2015.0,12044.0,75104.0,59,275.0
2023-05-21 17:25:13.083297+03:00,2088.0,11772.0,75936.0,61,293.0
2023-05-21 18:25:13.083297+03:00,2558.0,14792.0,94016.0,68,351.0
2023-05-21 19:25:13.083297+03:00,2836.0,17140.0,106208.0,76,385.0
2023-05-21 20:25:13.083297+03:00,3265.0,18796.0,119776.0,82,456.0
2023-05-21 21:25:13.083297+03:00,3375.0,19956.0,125216.0,80,461.0
2023-05-21 22:25:13.083297+03:00,3570.0,21348.0,133088.0,91,470.0
2023-05-21 23:25:13.083297+03:00,3798.0,23880.0,144704.0,92,483.0
2023-05-22 00:25:13.083297+03:00,4097.0,26816.0,158912.0,103,490.0
2023-05-22 01:25:13.083297+03:00,3800.0,23984.0,145024.0,93,481.0
2023-05-22 02:25:13.083297+03:00,3627.0,22428.0,137184.0,88,476.0
2023-05-22 03:25:13.083297+03:00,3341.0,19760.0,123968.0,92,442.0
2023-05-22 04:25:13.083297+03:00,3018.0,17316.0,110560.0,84,417.0
2023-05-22 05:25:13.083297+03:00,2602.0,15388.0,96544.0,80,351.0
2023-05-22 06:25:13.083297+03:00,2706.0,15636.0,99424.0,81,376.0
2023-05-22 07:25:13.083297+03:00,2184.0,13368.0,82240.0,70,293.0
2023-05-22 08:25:13.083297+03:00,1745.0,9968.0,63808.0,56,246.0
2023-05-22 09:25:13.083297+03:00,1218.0,6864.0,44288.0,44,172.0
2023-05-22 10:25:13.083297+03:00,600.0,3132.0,21152.0,21,93.0
2023-05-22 11:25:13.083297+03:00,611.0,3440.0,22208.0,25,81.0
2023-05-22 12:25:13.083297+03:00,719.0,3872.0,25664.0,28,103.0
2023-05-22 13:25:13.083297+03:00,740.0,4292.0,27232.0,27,108.0
2023-05-22 14:25:13.083297+03:00,1065.0,5640.0,37760.0,45,145.0
2023-05-22 15:25:13.083297+03:00,1668.0,9660.0,61344.0,56,235.0
2023-05-22 16:25:13.083297+03:00,2212.0,12832.0,81408.0,64,309.0
2023-05-22 17:25:13.083297+03:00,1992.0,12012.0,74528.0,57,283.0
2023-05-22 18:25:13.083297+03:00,2487.0,14664.0,92160.0,74,337.0
2023-05-22 19:25:13.083297+03:00,2922.0,17664.0,109440.0,73,395.0
2023-05-22 20:25:13.083297+03:00,3295.0,20092.0,123872.0,78,442.0
2023-05-22 21:25:13.083297+03:00,3287.0,19844.0,123040.0,78,448.0
2023-05-22 22:25:13.083297+03:00,3630.0,22332.0,136992.0,87,478.0
2023-05-22 23:25:13.083297+03:00,3796.0,24148.0,145376.0,88,485.0
2023-05-23 00:25:13.083297+03:00,3976.0,25864.0,153792.0,93,492.0
2023-05-23 01:25:13.083297+03:00,3797.0,24152.0,145408.0,88,485.0
2023-05-23 02:25:13.083297+03:00,3599.0,22364.0,136416.0,84,478.0
2023-05-23 03:25:13.083297+03:00,3409.0,20776.0,128128.0,83,460.0
2023-05-23 04:25:13.083297+03:00,3046.0,18952.0,115520.0,80,408.0
2023-05-23 05:25:13.083297+03:00,2628.0,15456.0,97280.0,80,364.0
2023-05-23 06:25:13.083297+03:00,2694.0,15756.0,99488.0,80,374.0
2023-05-23 07:25:13.083297+03:00,2103.0,12396.0,77920.0,67,304.0
2023-05-23 08:25:13.083297+03:00,1771.0,10072.0,64640.0,63,255.0
2023-05-23 09:25:13.083297+03:00,1174.0,6688.0,42880.0,40,174.0
2023-05-23 10:25:13.083297+03:00,612.0,3444.0,22240.0,21,84.0
2023-05-23 11:25:13.083297+03:00,698.0,3884.0,25248.0,25,109.0
2023-05-23 12:25:13.083297+03:00,624.0,3828.0,23520.0,22,83.0
2023-05-23 13:25:13.083297+03:00,639.0,3552.0,23104.0,21,90.0
2023-05-23 14:25:13.083297+03:00,1249.0,7480.0,46592.0,44,171.0
2023-05-23 15:25:13.083297+03:00,1628.0,9512.0,60096.0,58,227.0
2023-05-23 16:25:13.083297+03:00,2083.0,13216.0,79680.0,63,276.0
2023-05-23 17:25:13.083297+03:00,2002.0,12052.0,74848.0,57,287.0
2023-05-23 18:25:13.083297+03:00,2476.0,15148.0,93216.0,68,337.0
2023-05-23 19:25:13.083297+03:00,2936.0,17324.0,108832.0,73,411.0
2023-05-23 20:25:13.083297+03:00,3272.0,20444.0,124320.0,78,433.0
2023-05-23 21:25:13.083297+03:00,3397.0,20560.0,127296.0,78,463.0
2023-05-23 22:25:13.083297+03:00,3613.0,22420.0,136864.0,83,477.0
2023-05-23 23:25:13.083297+03:00,3701.0,23792.0,142400.0,82,481.0
2023-05-24 00:25:13.083297+03:00,3985.0,25372.0,152672.0,95,495.0
2023-05-24 01:25:13.083297+03:00,3750.0,23964.0,143904.0,85,481.0
2023-05-24 02:25:13.083297+03:00,3598.0,22360.0,136384.0,83,475.0
2023-05-24 03:25:13.083297+03:00,3256.0,19660.0,121888.0,81,439.0
2023-05-24 04:25:13.083297+03:00,3024.0,18600.0,114112.0,77,409.0
2023-05-24 05:25:13.083297+03:00,2552.0,15188.0,94944.0,74,349.0
2023-05-24 06:25:13.083297+03:00,2602.0,15388.0,96544.0,74,360.0
2023-05-24 07:25:13.083297+03:00,2186.0,12992.0,81280.0,70,301.0
2023-05-24 08:25:13.083297+03:00,1678.0,9820.0,61984.0,52,237.0
2023-05-24 09:25:13.083297+03:00,1200.0,6672.0,43392.0,42,178.0
2023-05-24 10:25:13.083297+03:00,720.0,3876.0,25696.0,31,105.0
2023-05-24 11:25:13.083297+03:00,661.0,3820.0,24288.0,20,95.0
2023-05-24 12:25:13.083297+03:00,628.0,3508.0,22752.0,22,91.0
2023-05-24 13:25:13.083297+03:00,582.0,3252.0,21088.0,17,87.0
2023-05-24 14:25:13.083297+03:00,1338.0,7236.0,47840.0,56,195.0
2023-05-24 15:25:13.083297+03:00,1810.0,11356.0,68896.0,55,243.0
2023-05-24 16:25:13.083297+03:00,2138.0,13280.0,81024.0,64,280.0
2023-05-24 17:25:13.083297+03:00,1960.0,11824.0,73344.0,58,267.0
2023-05-24 18:25:13.083297+03:00,2495.0,14960.0,93120.0,67,340.0
2023-05-24 19:25:13.083297+03:00,2874.0,17472.0,107904.0,68,389.0
2023-05-24 20:25:13.083297+03:00,3350.0,20372.0,125792.0,73,455.0
2023-05-24 21:25:13.083297+03:00,3231.0,19896.0,121984.0,75,436.0
2023-05-24 22:25:13.083297+03:00,3561.0,22248.0,135296.0,80,472.0
2023-05-24 23:25:13.083297+03:00,3638.0,22784.0,138368.0,85,474.0
2023-05-25 00:25:13.083297+03:00,3925.0,24988.0,150368.0,90,489.0
2023-05-25 01:25:13.083297+03:00,3710.0,23012.0,140512.0,85,479.0
2023-05-25 02:25:13.083297+03:00,3544.0,21844.0,133856.0,80,470.0
2023-05-25 03:25:13.083297+03:00,3299.0,20156.0,124128.0,75,449.0
2023-05-25 04:25:13.083297+03:00,2906.0,17600.0,108928.0,78,393.0
2023-05-25 05:25:13.083297+03:00,2437.0,14908.0,91744.0,64,340.0
2023-05-25 06:25:13.083297+03:00,2618.0,16280.0,99264.0,75,348.0
2023-05-25 07:25:13.083297+03:00,2222.0,13772.0,84128.0,68,302.0
2023-05-25 08:25:13.083297+03:00,1681.0,9868.0,62176.0,68,231.0
2023-05-25 09:25:13.083297+03:00,1228.0,7240.0,45504.0,43,173.0
2023-05-25 10:25:13.083297+03:00,634.0,3568.0,23040.0,25,86.0
2023-05-25 11:25:13.083297+03:00,572.0,2960.0,20096.0,22,83.0
2023-05-25 12:25:13.083297+03:00,553.0,2908.0,19552.0,25,74.0
2023-05-25 13:25:13.083297+03:00,585.0,2976.0,20416.0,27,81.0
2023-05-25 14:25:13.083297+03:00,1247.0,6980.0,45216.0,40,181.0
2023-05-25 15:25:13.083297+03:00,1625.0,9356.0,59616.0,57,228.0
2023-05-25 16:25:13.083297+03:00,2066.0,11720.0,75328.0,62,293.0
2023-05-25 17:25:13.083297+03:00,1996.0,11140.0,72288.0,66,281.0
2023-05-25 18:25:13.083297+03:00,2529.0,15084.0,94176.0,70,345.0
2023-05-25 19:25:13.083297+03:00,2991.0,18240.0,112448.0,76,401.0
2023-05-25 20:25:13.083297+03:00,3303.0,20304.0,124608.0,80,443.0
2023-05-25 21:25:13.083297+03:00,3183.0,18804.0,118048.0,80,435.0
2023-05-25 22:25:13.083297+03:00,3576.0,22092.0,135200.0,85,470.0
2023-05-25 23:25:13.083297+03:00,3770.0,24044.0,144544.0,90,476.0
2023-05-26 00:25:13.083297+03:00,3937.0,25540.0,152096.0,95,486.0
2023-05-26 01:25:13.083297+03:00,3732.0,23280.0,141696.0,90,480.0
2023-05-26 02:25:13.083297+03:00,3668.0,22640.0,138624.0,87,482.0
2023-05-26 03:25:13.083297+03:00,3364.0,21160.0,128192.0,76,451.0
2023-05-26 04:25:13.083297+03:00,2908.0,17608.0,108992.0,78,385.0
2023-05-26 05:25:13.083297+03:00,2636.0,15860.0,98528.0,74,362.0
2023-05-26 06:25:13.083297+03:00,2564.0,15236.0,95328.0,74,352.0
2023-05-26 07:25:13.083297+03:00,2115.0,11916.0,76896.0,68,299.0
2023-05-26 08:25:13.083297+03:00,1668.0,9924.0,62048.0,57,232.0
2023-05-26 09:25:13.083297+03:00,1010.0,5744.0,36864.0,42,141.0
2023-05-26 10:25:13.083297+03:00,596.0,3380.0,21728.0,17,89.0
2023-05-26 11:25:13.083297+03:00,628.0,3508.0,22752.0,22,93.0
2023-05-26 12:25:13.083297+03:00,681.0,3720.0,24448.0,29,98.0
2023-05-26 13:25:13.083297+03:00,539.0,3092.0,19744.0,19,76.0
2023-05-26 14:25:13.083297+03:00,1189.0,6748.0,43360.0,41,173.0
2023-05-26 15:25:13.083297+03:00,1522.0,8284.0,54560.0,54,227.0
2023-05-26 16:25:13.083297+03:00,2068.0,12256.0,76800.0,58,290.0
2023-05-26 17:25:13.083297+03:00,2077.0,12796.0,78432.0,61,281.0
2023-05-26 18:25:13.083297+03:00,2455.0,14188.0,90208.0,66,345.0
2023-05-26 19:25:13.083297+03:00,2889.0,17520.0,108352.0,73,389.0
2023-05-26 20:25:13.083297+03:00,3215.0,19304.0,120064.0,74,443.0
2023-05-26 21:25:13.083297+03:00,3353.0,20408.0,125952.0,81,450.0
2023-05-26 22:25:13.083297+03:00,3598.0,22624.0,137088.0,84,468.0
2023-05-26 23:25:13.083297+03:00,3669.0,22740.0,138912.0,89,474.0
2023-05-27 00:25:13.083297+03:00,3949.0,25756.0,152928.0,94,483.0
2023-05-27 01:25:13.083297+03:00,3810.0,24624.0,146944.0,90,476.0
2023-05-27 02:25:13.083297+03:00,3505.0,21436.0,131936.0,84,465.0
2023-05-27 03:25:13.083297+03:00,3322.0,20236.0,124832.0,76,455.0
2023-05-27 04:25:13.083297+03:00,2969.0,18008.0,111360.0,76,408.0
2023-05-27 05:25:13.083297+03:00,2588.0,15212.0,95776.0,74,362.0
2023-05-27 06:25:13.083297+03:00,2639.0,15572.0,97824.0,79,363.0
2023-05-27 07:25:13.083297+03:00,2240.0,13028.0,82528.0,74,312.0
2023-05-27 08:25:13.083297+03:00,1887.0,10980.0,69536.0,62,273.0
2023-05-27 09:25:13.083297+03:00,1109.0,6428.0,40800.0,42,152.0
2023-05-27 10:25:13.083297+03:00,598.0,3652.0,22496.0,20,79.0
2023-05-27 11:25:13.083297+03:00,555.0,3192.0,20352.0,18,81.0
2023-05-27 12:25:13.083297+03:00,522.0,3084.0,19360.0,16,75.0
2023-05-27 13:25:13.083297+03:00,627.0,3336.0,22272.0,21,94.0
2023-05-27 14:25:13.083297+03:00,1228.0,6904.0,44608.0,40,180.0
2023-05-27 15:25:13.083297+03:00,1652.0,9596.0,60832.0,57,231.0
2023-05-27 16:25:13.083297+03:00,2210.0,14252.0,85152.0,70,280.0
2023-05-27 17:25:13.083297+03:00,2034.0,12252.0,76064.0,73,271.0
2023-05-27 18:25:13.083297+03:00,2484.0,14808.0,92480.0,70,339.0
2023-05-27 19:25:13.083297+03:00,3066.0,18252.0,114080.0,85,408.0
2023-05-27 20:25:13.083297+03:00,3369.0,19656.0,124288.0,90,455.0
2023-05-27 21:25:13.083297+03:00,3469.0,21028.0,130080.0,88,461.0
2023-05-27 22:25:13.083297+03:00,3698.0,22760.0,139584.0,95,481.0
2023-05-27 23:25:13.083297+03:00,3854.0,24380.0,147232.0,94,490.0
2023-05-28 00:25:13.083297+03:00,3987.0,25788.0,153824.0,97,497.0
2023-05-28 01:25:13.083297+03:00,3922.0,24928.0,150144.0,94,497.0
2023-05-28 02:25:13.083297+03:00,3647.0,22556.0,137952.0,87,485.0
2023-05-28 03:25:13.083297+03:00,3430.0,20632.0,128192.0,86,467.0
2023-05-28 04:25:13.083297+03:00,3003.0,17988.0,112032.0,81,407.0
2023-05-28 05:25:13.083297+03:00,2604.0,15396.0,96608.0,76,353.0
2023-05-28 06:25:13.083297+03:00,2610.0,15408.0,96768.0,80,354.0
2023-05-28 07:25:13.083297+03:00,2178.0,12996.0,81120.0,69,302.0
2023-05-28 08:25:13.083297+03:00,1842.0,10320.0,66816.0,63,270.0
2023-05-28 09:25:13.083297+03:00,1158.0,6600.0,42304.0,47,165.0
2023-05-28 10:25:13.083297+03:00,680.0,3416.0,23616.0,28,94.0
2023-05-28 11:25:13.083297+03:00,604.0,3412.0,21984.0,19,84.0
2023-05-28 12:25:13.083297+03:00,637.0,3484.0,22880.0,25,87.0
2023-05-28 13:25:13.083297+03:00,705.0,3984.0,25664.0,29,95.0
2023-05-28 14:25:13.083297+03:00,1149.0,7416.0,44288.0,37,150.0
2023-05-28 15:25:13.083297+03:00,1651.0,10072.0,62080.0,52,228.0
2023-05-28 16:25:13.083297+03:00,2037.0,12636.0,77152.0,57,277.0
2023-05-28 17:25:13.083297+03:00,2086.0,13300.0,79968.0,60,273.0
2023-05-28 18:25:13.083297+03:00,2385.0,13548.0,87008.0,63,343.0
2023-05-28 19:25:13.083297+03:00,2794.0,16984.0,104896.0,68,383.0
2023-05-28 20:25:13.083297+03:00,3214.0,19684.0,121056.0,73,437.0
2023-05-28 21:25:13.083297+03:00,3228.0,19920.0,121984.0,73,437.0
2023-05-28 22:25:13.083297+03:00,3548.0,22424.0,135488.0,76,463.0
2023-05-28 23:25:13.083297+03:00,3745.0,23776.0,143296.0,85,476.0
2023-05-29 00:25:13.083297+03:00,3876.0,25716.0,151264.0,82,482.0
2023-05-29 01:25:13.083297+03:00,3773.0,24236.0,145120.0,87,474.0
2023-05-29 02:25:13.083297+03:00,3477.0,21084.0,130400.0,78,468.0
2023-05-29 03:25:13.083297+03:00,3242.0,20204.0,123040.0,73,436.0
2023-05-29 04:25:13.083297+03:00,3113.0,19088.0,117312.0,78,417.0
2023-05-29 05:25:13.083297+03:00,2533.0,14812.0,93536.0,71,349.0
2023-05-29 06:25:13.083297+03:00,2538.0,15792.0,96256.0,70,348.0
2023-05-29 07:25:13.083297+03:00,2260.0,12844.0,82464.0,71,316.0
2023-05-29 08:25:13.083297+03:00,1717.0,9856.0,62912.0,63,236.0
2023-05-29 09:25:13.083297+03:00,1321.0,7348.0,47776.0,52,195.0
2023-05-29 10:25:13.083297+03:00,567.0,3000.0,20096.0,26,83.0
2023-05-29 11:25:13.083297+03:00,608.0,3428.0,22112.0,22,87.0
2023-05-29 12:25:13.083297+03:00,608.0,3380.0,21984.0,22,86.0
2023-05-29 13:25:13.083297+03:00,609.0,3828.0,23200.0,19,85.0
2023-05-29 14:25:13.083297+03:00,1239.0,7236.0,45728.0,38,184.0
2023-05-29 15:25:13.083297+03:00,1472.0,8480.0,54016.0,43,221.0
2023-05-29 16:25:13.083297+03:00,1957.0,11812.0,73248.0,60,260.0
2023-05-29 17:25:13.083297+03:00,2163.0,13140.0,81184.0,60,300.0
2023-05-29 18:25:13.083297+03:00,2426.0,13856.0,88704.0,65,339.0
2023-05-29 19:25:13.083297+03:00,2789.0,16928.0,104640.0,66,389.0
2023-05-29 20:25:13.083297+03:00,3414.0,20292.0,126944.0,81,460.0
2023-05-29 21:25:13.083297+03:00,3311.0,20216.0,124544.0,81,438.0
2023-05-29 22:25:13.083297+03:00,3550.0,21628.0,133408.0,80,471.0
2023-05-29 23:25:13.083297+03:00,3762.0,23676.0,143392.0,85,483.0
2023-05-30 00:25:13.083297+03:00,3909.0,25596.0,151648.0,84,489.0
2023-05-30 01:25:13.083297+03:00,3804.0,24180.0,145632.0,85,486.0
2023-05-30 02:25:13.083297+03:00,3584.0,22040.0,135232.0,83,473.0
2023-05-30 03:25:13.083297+03:00,3245.0,19820.0,122080.0,76,430.0
2023-05-30 04:25:13.083297+03:00,2801.0,16676.0,104224.0,71,384.0
2023-05-30 05:25:13.083297+03:00,2493.0,14952.0,93056.0,72,336.0
2023-05-30 06:25:13.083297+03:00,2513.0,15428.0,94752.0,70,338.0
2023-05-30 07:25:13.083297+03:00,2109.0,12360.0,77952.0,66,292.0
2023-05-30 08:25:13.083297+03:00,1713.0,10140.0,63584.0,56,233.0
2023-05-30 09:25:13.083297+03:00,1244.0,6848.0,44800.0,46,175.0
2023-05-30 10:25:13.083297+03:00,578.0,3572.0,21856.0,20,77.0
2023-05-30 11:25:13.083297+03:00,637.0,3856.0,23872.0,23,91.0
2023-05-30 12:25:13.083297+03:00,717.0,3864.0,25600.0,22,105.0
2023-05-30 13:25:13.083297+03:00,669.0,3672.0,24064.0,30,99.0
2023-05-30 14:25:13.083297+03:00,1281.0,7116.0,46304.0,49,185.0
2023-05-30 15:25:13.083297+03:00,1643.0,9824.0,61248.0,50,230.0
2023-05-30 16:25:13.083297+03:00,2108.0,12416.0,78080.0,61,289.0
2023-05-30 17:25:13.083297+03:00,2011.0,11764.0,74272.0,60,281.0
2023-05-30 18:25:13.083297+03:00,2439.0,14736.0,91328.0,66,328.0
2023-05-30 19:25:13.083297+03:00,2954.0,17828.0,110560.0,71,407.0
2023-05-30 20:25:13.083297+03:00,3282.0,20100.0,123616.0,77,436.0
2023-05-30 21:25:13.083297+03:00,3330.0,19392.0,122752.0,78,461.0
2023-05-30 22:25:13.083297+03:00,3560.0,22028.0,134688.0,81,469.0
2023-05-30 23:25:13.083297+03:00,3793.0,24136.0,145280.0,86,484.0
2023-05-31 00:25:13.083297+03:00,3967.0,25828.0,153504.0,91,488.0
2023-05-31 01:25:13.083297+03:00,3787.0,24112.0,145088.0,86,481.0
2023-05-31 02:25:13.083297+03:00,3585.0,22308.0,135968.0,82,472.0
2023-05-31 03:25:13.083297+03:00,3413.0,21524.0,130208.0,78,448.0
2023-05-31 04:25:13.083297+03:00,2844.0,17352.0,106944.0,75,390.0
2023-05-31 05:25:13.083297+03:00,2549.0,15440.0,95552.0,77,349.0
2023-05-31 06:25:13.083297+03:00,2699.0,15812.0,99744.0,79,377.0
2023-05-31 07:25:13.083297+03:00,2173.0,12376.0,79360.0,71,303.0
2023-05-31 08:25:13.083297+03:00,1671.0,9672.0,61440.0,52,240.0
2023-05-31 09:25:13.083297+03:00,1290.0,7896.0,48576.0,42,177.0
2023-05-31 10:25:13.083297+03:00,549.0,3192.0,20224.0,18,78.0
2023-05-31 11:25:13.083297+03:00,576.0,3240.0,20928.0,20,82.0
2023-05-31 12:25:13.083297+03:00,563.0,3188.0,20512.0,19,83.0
2023-05-31 13:25:13.083297+03:00,509.0,3272.0,19584.0,14,69.0
2023-05-31 14:25:13.083297+03:00,1065.0,6252.0,39392.0,40,147.0
2023-05-31 15:25:13.083297+03:00,1766.0,10112.0,64640.0,62,237.0
2023-05-31 16:25:13.083297+03:00,2092.0,13276.0,80032.0,63,266.0
2023-05-31 17:25:13.083297+03:00,2126.0,12668.0,79136.0,67,289.0
2023-05-31 18:25:13.083297+03:00,2642.0,16076.0,99232.0,75,353.0
2023-05-31 19:25:13.083297+03:00,3008.0,17996.0,112160.0,79,411.0
2023-05-31 20:25:13.083297+03:00,3398.0,20564.0,127328.0,82,455.0
2023-05-31 21:25:13.083297+03:00,3292.0,19108.0,121184.0,87,450.0
2023-05-31 22:25:13.083297+03:00,3564.0,22224.0,135296.0,89,462.0
2023-05-31 23:25:13.083297+03:00,3720.0,24024.0,143424.0,91,469.0
2023-06-01 00:25:13.083297+03:00,3899.0,25628.0,151520.0,97,474.0
2023-06-01 01:25:13.083297+03:00,3688.0,23356.0,140960.0,93,468.0
2023-06-01 02:25:13.083297+03:00,3551.0,22304.0,135232.0,92,457.0
2023-06-01 03:25:13.083297+03:00,3273.0,20268.0,123872.0,85,422.0
2023-06-01 04:25:13.083297+03:00,2974.0,18136.0,111808.0,81,394.0
2023-06-01 05:25:13.083297+03:00,2604.0,14736.0,94848.0,75,365.0
2023-06-01 06:25:13.083297+03:00,2686.0,15076.0,97504.0,78,375.0
2023-06-01 07:25:13.083297+03:00,2077.0,12292.0,77088.0,68,285.0
2023-06-01 08:25:13.083297+03:00,1600.0,9304.0,58944.0,59,219.0
2023-06-01 09:25:13.083297+03:00,1221.0,6876.0,44384.0,42,175.0
2023-06-01 10:25:13.083297+03:00,712.0,4684.0,27680.0,22,89.0
2023-06-01 11:25:13.083297+03:00,630.0,4416.0,25216.0,19,79.0
2023-06-01 12:25:13.083297+03:00,694.0,3604.0,24416.0,19,110.0
2023-06-01 13:25:13.083297+03:00,680.0,3416.0,23616.0,19,107.0
2023-06-01 14:25:13.083297+03:00,1214.0,7724.0,46496.0,42,158.0
2023-06-01 15:25:13.083297+03:00,1580.0,8660.0,56800.0,53,228.0
2023-06-01 16:25:13.083297+03:00,2158.0,12736.0,80000.0,58,298.0
2023-06-01 17:25:13.083297+03:00,2019.0,12060.0,75232.0,60,275.0
2023-06-01 18:25:13.083297+03:00,2386.0,14524.0,89632.0,63,325.0
2023-06-01 19:25:13.083297+03:00,2850.0,17376.0,107136.0,71,386.0
2023-06-01 20:25:13.083297+03:00,3298.0,20164.0,124128.0,73,444.0
2023-06-01 21:25:13.083297+03:00,3232.0,19480.0,120896.0,75,438.0
2023-06-01 22:25:13.083297+03:00,3515.0,22028.0,133728.0,75,467.0
2023-06-01 23:25:13.083297+03:00,3788.0,24116.0,145120.0,89,474.0
2023-06-02 00:25:13.083297+03:00,3926.0,25664.0,152192.0,89,485.0
2023-06-02 01:25:13.083297+03:00,3764.0,24020.0,144352.0,86,480.0
2023-06-02 02:25:13.083297+03:00,3486.0,21588.0,131936.0,80,465.0
2023-06-02 03:25:13.083297+03:00,3318.0,19416.0,122560.0,79,456.0
2023-06-02 04:25:13.083297+03:00,2992.0,17776.0,111232.0,76,408.0
2023-06-02 05:25:13.083297+03:00,2624.0,15464.0,97216.0,73,364.0
2023-06-02 06:25:13.083297+03:00,2573.0,15332.0,95776.0,70,358.0
2023-06-02 07:25:13.083297+03:00,2250.0,12948.0,82528.0,74,312.0
2023-06-02 08:25:13.083297+03:00,1764.0,10308.0,65120.0,66,245.0
2023-06-02 09:25:13.083297+03:00,1241.0,6956.0,45024.0,46,182.0
2023-06-02 10:25:13.083297+03:00,581.0,3020.0,20448.0,25,81.0
2023-06-02 11:25:13.083297+03:00,626.0,4028.0,24096.0,22,81.0
2023-06-02 12:25:13.083297+03:00,568.0,3136.0,20480.0,19,82.0
2023-06-02 13:25:13.083297+03:00,652.0,3736.0,23872.0,24,96.0
2023-06-02 14:25:13.083297+03:00,1165.0,6532.0,42272.0,37,166.0
2023-06-02 15:25:13.083297+03:00,1586.0,10232.0,61120.0,47,213.0
2023-06-02 16:25:13.083297+03:00,2035.0,12124.0,75744.0,55,285.0
2023-06-02 17:25:13.083297+03:00,2003.0,11600.0,73664.0,59,284.0
2023-06-02 18:25:13.083297+03:00,2408.0,14432.0,89856.0,65,330.0
2023-06-02 19:25:13.083297+03:00,2896.0,17740.0,109088.0,70,390.0
2023-06-02 20:25:13.083297+03:00,3230.0,20060.0,122400.0,73,436.0
2023-06-02 21:25:13.083297+03:00,3323.0,20564.0,125728.0,75,450.0
2023-06-02 22:25:13.083297+03:00,3479.0,21884.0,132576.0,80,456.0
2023-06-02 23:25:13.083297+03:00,3665.0,23384.0,140544.0,83,466.0
2023-06-03 00:25:13.083297+03:00,3940.0,26164.0,153824.0,90,476.0
2023-06-03 01:25:13.083297+03:00,3729.0,23880.0,143232.0,85,469.0
2023-06-03 02:25:13.083297+03:00,3514.0,22024.0,133696.0,80,456.0
2023-06-03 03:25:13.083297+03:00,3267.0,20040.0,123136.0,75,442.0
2023-06-03 04:25:13.083297+03:00,2877.0,17220.0,107296.0,72,390.0
2023-06-03 05:25:13.083297+03:00,2537.0,15860.0,96416.0,64,345.0
2023-06-03 06:25:13.083297+03:00,2488.0,14536.0,91840.0,68,344.0
2023-06-03 07:25:13.083297+03:00,2148.0,12576.0,79360.0,68,298.0
2023-06-03 08:25:13.083297+03:00,1774.0,10528.0,65920.0,59,238.0
2023-06-03 09:25:13.083297+03:00,1093.0,6412.0,40416.0,39,150.0
2023-06-03 10:25:13.083297+03:00,710.0,3932.0,25632.0,25,93.0
2023-06-03 11:25:13.083297+03:00,683.0,3728.0,24512.0,28,95.0
2023-06-03 12:25:13.083297+03:00,659.0,3632.0,23744.0,21,90.0
2023-06-03 13:25:13.083297+03:00,617.0,3464.0,22400.0,21,92.0
2023-06-03 14:25:13.083297+03:00,1201.0,7696.0,46144.0,34,155.0
2023-06-03 15:25:13.083297+03:00,1746.0,9972.0,63840.0,56,238.0
2023-06-03 16:25:13.083297+03:00,2036.0,12128.0,75776.0,56,275.0
2023-06-03 17:25:13.083297+03:00,2068.0,12952.0,78656.0,58,268.0
2023-06-03 18:25:13.083297+03:00,2395.0,14164.0,88864.0,63,326.0
2023-06-03 19:25:13.083297+03:00,2957.0,17804.0,110560.0,70,394.0
2023-06-03 20:25:13.083297+03:00,3240.0,19932.0,122272.0,72,431.0
2023-06-03 21:25:13.083297+03:00,3192.0,19740.0,120736.0,73,423.0
2023-06-03 22:25:13.083297+03:00,3720.0,23244.0,141344.0,84,476.0
2023-06-03 23:25:13.083297+03:00,3805.0,24184.0,145664.0,83,483.0
2023-06-04 00:25:13.083297+03:00,3995.0,25868.0,154208.0,84,494.0
2023-06-04 01:25:13.083297+03:00,3884.0,24500.0,148192.0,85,490.0
2023-06-04 02:25:13.083297+03:00,3642.0,22536.0,137792.0,77,477.0
2023-06-04 03:25:13.083297+03:00,3346.0,20356.0,125664.0,75,449.0
2023-06-04 04:25:13.083297+03:00,3021.0,17724.0,111712.0,74,415.0
2023-06-04 05:25:13.083297+03:00,2539.0,15136.0,94528.0,69,346.0
2023-06-04 06:25:13.083297+03:00,2647.0,16192.0,99648.0,76,356.0
2023-06-04 07:25:13.083297+03:00,2190.0,12744.0,80704.0,70,300.0
2023-06-04 08:25:13.083297+03:00,1751.0,10052.0,64160.0,61,250.0
2023-06-04 09:25:13.083297+03:00,1187.0,6860.0,43616.0,48,160.0
2023-06-04 10:25:13.083297+03:00,701.0,3980.0,25568.0,21,102.0
2023-06-04 11:25:13.083297+03:00,596.0,3248.0,21376.0,22,85.0
